id_tamu,nama,nik,telepon,email,alamat,tanggal_daftar
T001,Ammar Habibi,1098749402034231,08328394445,ammarganteng@gmail.com,Telkom,2026-06-20
T002,Yudi Kurniawan,33021004458414,08142764751,yudikurniawan@email.com,Semarang,2026-06-19
T003,Budi Lestari,33028918419518,08868253338,budilestari@email.com,Semarang,2026-06-18
T004,Fahmi Rahmawati,33026871653951,08283717140,fahmirahmawati@email.com,Purwokerto,2026-06-23
T005,Putri Wulandari,33021137219176,08831226653,putriwulandari@email.com,Kebumen,2026-06-24
T006,Hendra Utami,33025621794730,08261402623,hendrautami@email.com,Kebumen,2026-06-24
T007,Putri Hidayat,33029747813120,08419694296,putrihidayat@email.com,Yogyakarta,2026-06-22
T008,Rian Kurniawan,33025693508593,08800845781,riankurniawan@email.com,Surabaya,2026-06-23
T009,Budi Santoso,33027726732897,08929392397,budisantoso@email.com,Banyumas,2026-06-20
T010,Bambang Lestari,33028958362866,08150559035,bambanglestari@email.com,Cilacap,2026-06-25
T011,Hendra Saputra,33024539196439,08709862045,hendrasaputra@email.com,Cilacap,2026-06-25
T012,Dedi Santoso,33024689279055,08886457991,dedisantoso@email.com,Yogyakarta,2026-06-20
T013,Dewi Rahmawati,33022345177200,08970936107,dewirahmawati@email.com,Cilacap,2026-06-25
T014,Wulan Saputra,33025977725246,08645513525,wulansaputra@email.com,Bandung,2026-06-18
T015,Rian Utami,33021445942492,08838918964,rianutami@email.com,Purbokerto,2026-06-22
T016,Mega Aminah,33021739134260,08661901762,megaaminah@email.com,Bandung,2026-06-25
T017,Nadia Prasetyo,33028640575303,08450862632,nadiaprasetyo@email.com,Kebumen,2026-06-25
T018,Putri Prasetyo,33028910861887,08921578416,putriprasetyo@email.com,Jakarta,2026-06-20
T019,Rina Saputra,33022474971241,08740939042,rinasaputra@email.com,Surabaya,2026-06-22
T020,Mega Lestari,33028092530449,08216015308,megalestari@email.com,Semarang,2026-06-24
T021,Wulan Saputra,33022973144889,08689907561,wulansaputra@email.com,Purwokerto,2026-06-23
T022,Dewi Rahmawati,33021605215664,08883065783,dewirahmawati@email.com,Semarang,2026-06-24
T023,Bambang Lestari,33026887388279,08470012250,bambanglestari@email.com,Surabaya,2026-06-20
T024,Wulan Hidayat,33028247272385,08608396645,wulanhidayat@email.com,Surabaya,2026-06-20
T025,Taufik Indah,33023766984070,08920837514,taufikindah@email.com,Semarang,2026-06-19
T026,Yudi Nugroho,33027580586853,08880080835,yudinugroho@email.com,Surabaya,2026-06-19
T027,Dedi Setiawan,33023835126554,08555607967,dedisetiawan@email.com,Purwokerto,2026-06-22
T028,Nadia Saputra,33025564186852,08224512442,nadiasaputra@email.com,Bandung,2026-06-20
T029,Mega Kurniawan,33025742895978,08754949812,megakurniawan@email.com,Yogyakarta,2026-06-20
T030,Nadia Santoso,33026990242567,08593192683,nadiasantoso@email.com,Yogyakarta,2026-06-21
T031,Dewi Hidayat,33023113121211,08490197946,dewihidayat@email.com,Jakarta,2026-06-22
T032,Aulia Hidayat,33028183222568,08493901275,auliahidayat@email.com,Yogyakarta,2026-06-23
T033,Bambang Santoso,33021389865185,08509114889,bambangsantoso@email.com,Cilacap,2026-06-22
T034,Mega Wulandari,33026449919178,08609218172,megawulandari@email.com,Bandung,2026-06-25
T035,Maya Lestari,33024168179529,08979177783,mayalestari@email.com,Purwokerto,2026-06-21
T036,Dedi Indah,33027776576056,08996596903,dediindah@email.com,Cilacap,2026-06-23
T037,Mega Saputra,33021111860871,08352288615,megasaputra@email.com,Cilacap,2026-06-24
T038,Aulia Utami,33028856858184,08205544848,auliautami@email.com,Bandung,2026-06-22
T039,Eko Rahmawati,33028930463697,08884984543,ekorahmawati@email.com,Kebumen,2026-06-24
T040,Aulia Indah,33023753691103,08324115833,auliaindah@email.com,Bandung,2026-06-23
T041,Dewi Utami,33024371667278,08943278258,dewiutami@email.com,Jakarta,2026-06-22
T042,Taufik Nugroho,33024758496793,08662674532,taufiknugroho@email.com,Surabaya,2026-06-19
T043,Wulan Wulandari,33022893440957,08124040050,wulanwulandari@email.com,Surabaya,2026-06-19
T044,Fahmi Rahmawati,33022640802830,08275361453,fahmirahmawati@email.com,Kebumen,2026-06-23
T045,Fahmi Kurniawan,33026818249020,08589392198,fahmikurniawan@email.com,Banyumas,2026-06-25
T046,Putri Lestari,33022733911420,08593960646,putrilestari@email.com,Bandung,2026-06-23
T047,Maya Rahmawati,33023103362574,08345011710,mayarahmawati@email.com,Cilacap,2026-06-18
T048,Dedi Wulandari,33029470010853,08591481622,dediwulandari@email.com,Purwokerto,2026-06-18
T049,Fahmi Lestari,33028802153417,08674633651,fahmilestari@email.com,Purbokerto,2026-06-24
T050,Siti Indah,33023903152521,08592083515,sitiindah@email.com,Jakarta,2026-06-18
T051,Taufik Nugroho,33021651073309,08150927427,taufiknugroho@email.com,Jakarta,2026-06-23
T052,Yudi Wulandari,33026776397901,08434888816,yudiwulandari@email.com,Semarang,2026-06-21
T053,Rina Setiawan,33022054696876,08358893256,rinasetiawan@email.com,Yogyakarta,2026-06-23
T054,Nadia Santoso,33028298451291,08588749086,nadiasantoso@email.com,Purwokerto,2026-06-23
T055,Budi Saputra,33027618982623,08973669695,budisaputra@email.com,Kebumen,2026-06-21
T056,Maya Aminah,33022992703283,08221530520,mayaaminah@email.com,Jakarta,2026-06-23
T057,Maya Wulandari,33025787729927,08386048537,mayawulandari@email.com,Bandung,2026-06-23
T058,Dedi Aminah,33026128634628,08261676396,dediaminah@email.com,Kebumen,2026-06-19
T059,Putri Prasetyo,33026252891410,08487266885,putriprasetyo@email.com,Banyumas,2026-06-21
T060,Sari Nugroho,33023044543077,08320570173,sarinugroho@email.com,Purwokerto,2026-06-25
T061,Yudi Kurniawan,33026413070329,08378531721,yudikurniawan@email.com,Yogyakarta,2026-06-23
T062,Taufik Utami,33028984203347,08980639877,taufikutami@email.com,Semarang,2026-06-22
T063,Hendra Indah,33028588603081,08184631878,hendraindah@email.com,Kebumen,2026-06-19
T064,Maya Aminah,33024272964663,08962596635,mayaaminah@email.com,Purbokerto,2026-06-20
T065,Taufik Utami,33029174056146,08733248671,taufikutami@email.com,Bandung,2026-06-23
T066,Siti Setiawan,33021119938162,08442429130,sitisetiawan@email.com,Banyumas,2026-06-23
T067,Taufik Aminah,33027184423688,08932193433,taufikaminah@email.com,Jakarta,2026-06-21
T068,Fahmi Nugroho,33029712851998,08656614980,fahminugroho@email.com,Semarang,2026-06-22
T069,Hendra Nugroho,33021919529370,08976469544,hendranugroho@email.com,Banyumas,2026-06-20
T070,Dewi Saputra,33023848926710,08500773600,dewisaputra@email.com,Bandung,2026-06-22
T071,Maya Aminah,33025733621987,08969941516,mayaaminah@email.com,Cilacap,2026-06-21
T072,Putri Lestari,33026251138657,08397178356,putrilestari@email.com,Purwokerto,2026-06-19
T073,Bambang Aminah,33021035257449,08345557396,bambangaminah@email.com,Banyumas,2026-06-25
T074,Maya Aminah,33024776376764,08574664766,mayaaminah@email.com,Surabaya,2026-06-20
T075,Taufik Kurniawan,33024639363727,08991916400,taufikkurniawan@email.com,Yogyakarta,2026-06-22
T076,Sari Rahmawati,33021466264408,08533040216,sarirahmawati@email.com,Cilacap,2026-06-21
T077,Aulia Rahmawati,33026949184075,08375651755,auliarahmawati@email.com,Bandung,2026-06-23
T078,Budi Kurniawan,33023000346671,08849186526,budikurniawan@email.com,Yogyakarta,2026-06-19
T079,Rina Kurniawan,33026880798612,08913969930,rinakurniawan@email.com,Semarang,2026-06-25
T080,Budi Aminah,33029937999448,08313883834,budiaminah@email.com,Banyumas,2026-06-20
T081,Rian Rahmawati,33024545722586,08535402468,rianrahmawati@email.com,Banyumas,2026-06-22
T082,Rian Fitriani,33026969742103,08602612081,rianfitriani@email.com,Semarang,2026-06-23
T083,Hendra Nugroho,33021211043453,08648607866,hendranugroho@email.com,Semarang,2026-06-25
T084,Sari Lestari,33024382205101,08905413148,sarilestari@email.com,Kebumen,2026-06-22
T085,Andi Rahmawati,33021299963921,08976161769,andirahmawati@email.com,Bandung,2026-06-21
T086,Hendra Nugroho,33022230516636,08345752238,hendranugroho@email.com,Banyumas,2026-06-20
T087,Yudi Saputra,33021099333624,08746782156,yudisaputra@email.com,Banyumas,2026-06-25
T088,Mega Prasetyo,33026242665859,08509519841,megaprasetyo@email.com,Cilacap,2026-06-18
T089,Eko Fitriani,33028900139297,08451625681,ekofitriani@email.com,Banyumas,2026-06-18
T090,Budi Fitriani,33024881047038,08243127690,budifitriani@email.com,Purwokerto,2026-06-25
T091,Sari Wulandari,33028131311197,08552172340,sariwulandari@email.com,Kebumen,2026-06-22
T092,Taufik Nugroho,33024457848982,08988511838,taufiknugroho@email.com,Banyumas,2026-06-22
T093,Siti Hidayat,33021830902810,08303643569,sitihidayat@email.com,Semarang,2026-06-24
T094,Wulan Aminah,33022922213992,08284423824,wulanaminah@email.com,Semarang,2026-06-19
T095,Aulia Rahmawati,33029248238478,08684270547,auliarahmawati@email.com,Purbokerto,2026-06-20
T096,Sari Setiawan,33021853693209,08501842930,sarisetiawan@email.com,Surabaya,2026-06-21
T097,Rian Aminah,33029470611302,08874557896,rianaminah@email.com,Purbokerto,2026-06-22
T098,Yudi Indah,33024765696758,08850175359,yudiindah@email.com,Banyumas,2026-06-18
T099,Nadia Lestari,33022619272783,08406077285,nadialestari@email.com,Banyumas,2026-06-19
T100,Nadia Aminah,33027622853166,08612117718,nadiaaminah@email.com,Purbokerto,2026-06-20
T101,Andi Wulandari,33023938983204,08651731224,andiwulandari@email.com,Purwokerto,2026-06-21
T102,Nadia Fitriani,33021884871982,08819080441,nadiafitriani@email.com,Banyumas,2026-06-20
T103,Eko Prasetyo,33024141009541,08339454027,ekoprasetyo@email.com,Jakarta,2026-06-19
T104,Maya Indah,33029190880599,08878791883,mayaindah@email.com,Semarang,2026-06-23
T105,Dedi Fitriani,33024224759121,08432834062,dedifitriani@email.com,Purwokerto,2026-06-23
T106,Putri Kurniawan,33025305945512,08121254209,putrikurniawan@email.com,Banyumas,2026-06-25
T107,Hendra Aminah,33027668388237,08209231308,hendraaminah@email.com,Yogyakarta,2026-06-22
T108,Bambang Santoso,33027251902413,08671774169,bambangsantoso@email.com,Banyumas,2026-06-18
T109,Dedi Kurniawan,33028355639036,08773797583,dedikurniawan@email.com,Surabaya,2026-06-20
T110,Mega Nugroho,33026533383505,08818298305,meganugroho@email.com,Banyumas,2026-06-25
T111,Hendra Nugroho,33025126508994,08169533972,hendranugroho@email.com,Bandung,2026-06-19
T112,Wulan Rahmawati,33029080304696,08173852752,wulanrahmawati@email.com,Kebumen,2026-06-21
T113,Siti Saputra,33027383603283,08598320869,sitisaputra@email.com,Cilacap,2026-06-19
T114,Taufik Hidayat,33025640307074,08305282177,taufikhidayat@email.com,Cilacap,2026-06-25
T115,Maya Prasetyo,33021555615295,08147258659,mayaprasetyo@email.com,Yogyakarta,2026-06-24
T116,Wulan Utami,33026955006128,08448934259,wulanutami@email.com,Cilacap,2026-06-25
T117,Budi Kurniawan,33029616641174,08930187112,budikurniawan@email.com,Jakarta,2026-06-19
T118,Fahmi Santoso,33021972713734,08815204420,fahmisantoso@email.com,Jakarta,2026-06-20
T119,Budi Aminah,33029812251576,08676443363,budiaminah@email.com,Purbokerto,2026-06-25
T120,Dedi Setiawan,33029485300821,08652363637,dedisetiawan@email.com,Kebumen,2026-06-20
T121,Eko Lestari,33027461786388,08747291503,ekolestari@email.com,Yogyakarta,2026-06-25
T122,Rian Aminah,33027396136884,08755981250,rianaminah@email.com,Kebumen,2026-06-23
T123,Putri Saputra,33025823590667,08628063134,putrisaputra@email.com,Semarang,2026-06-24
T124,Dedi Saputra,33022569413368,08781965024,dedisaputra@email.com,Semarang,2026-06-23
T125,Budi Kurniawan,33026517915718,08950598199,budikurniawan@email.com,Banyumas,2026-06-19
T126,Wulan Santoso,33022199211858,08818107377,wulansantoso@email.com,Jakarta,2026-06-23
T127,Wulan Rahmawati,33026958559170,08584232631,wulanrahmawati@email.com,Yogyakarta,2026-06-23
T128,Rian Indah,33022639369814,08148808674,rianindah@email.com,Purwokerto,2026-06-24
T129,Nadia Santoso,33026905373618,08535942099,nadiasantoso@email.com,Kebumen,2026-06-22
T130,Eko Kurniawan,33026226904062,08986190234,ekokurniawan@email.com,Jakarta,2026-06-22
T131,Taufik Wulandari,33022065695510,08985270617,taufikwulandari@email.com,Purbokerto,2026-06-21
T132,Mega Lestari,33028942252656,08871410695,megalestari@email.com,Yogyakarta,2026-06-21
T133,Budi Prasetyo,33021051192832,08659283914,budiprasetyo@email.com,Purbokerto,2026-06-22
T134,Mega Fitriani,33029137010416,08790435778,megafitriani@email.com,Banyumas,2026-06-25
T135,Hendra Prasetyo,33022443106021,08888006804,hendraprasetyo@email.com,Semarang,2026-06-22
T136,Putri Lestari,33021271744434,08722999858,putrilestari@email.com,Cilacap,2026-06-20
T137,Mega Prasetyo,33022249801896,08545542733,megaprasetyo@email.com,Yogyakarta,2026-06-23
T138,Hendra Kurniawan,33024643021265,08790065603,hendrakurniawan@email.com,Surabaya,2026-06-25
T139,Taufik Wulandari,33023272027542,08928040360,taufikwulandari@email.com,Kebumen,2026-06-25
T140,Yudi Kurniawan,33021364291594,08575584391,yudikurniawan@email.com,Banyumas,2026-06-20
T141,Dedi Santoso,33023999504746,08363365391,dedisantoso@email.com,Jakarta,2026-06-19
T142,Hendra Kurniawan,33029406277612,08597673901,hendrakurniawan@email.com,Banyumas,2026-06-18
T143,Taufik Kurniawan,33025147187274,08714360477,taufikkurniawan@email.com,Yogyakarta,2026-06-19
T144,Rina Utami,33025651121272,08129825407,rinautami@email.com,Banyumas,2026-06-18
T145,Hendra Aminah,33022837364884,08329503825,hendraaminah@email.com,Cilacap,2026-06-19
T146,Mega Fitriani,33022456794395,08758289243,megafitriani@email.com,Jakarta,2026-06-22
T147,Aulia Hidayat,33024994274044,08367215501,auliahidayat@email.com,Cilacap,2026-06-25
T148,Taufik Hidayat,33021583498659,08397520110,taufikhidayat@email.com,Purbokerto,2026-06-20
T149,Wulan Setiawan,33028721682090,08192361035,wulansetiawan@email.com,Cilacap,2026-06-21
T150,Fahmi Prasetyo,33027977746692,08377038702,fahmiprasetyo@email.com,Kebumen,2026-06-21
T151,Taufik Setiawan,33029029799468,08825528331,taufiksetiawan@email.com,Purbokerto,2026-06-23
T152,Putri Lestari,33021631215664,08920598229,putrilestari@email.com,Kebumen,2026-06-19
T153,Putri Aminah,33023319098407,08882618339,putriaminah@email.com,Surabaya,2026-06-24
T154,Bambang Hidayat,33022264009491,08540048395,bambanghidayat@email.com,Surabaya,2026-06-23
T155,Maya Hidayat,33023785376989,08723825634,mayahidayat@email.com,Purwokerto,2026-06-25
T156,Nadia Lestari,33028974614595,08118084228,nadialestari@email.com,Kebumen,2026-06-18
T157,Wulan Santoso,33023300948310,08569234246,wulansantoso@email.com,Cilacap,2026-06-22
T158,Eko Saputra,33028607389772,08788196009,ekosaputra@email.com,Yogyakarta,2026-06-21
T159,Rian Wulandari,33029110879256,08345057350,rianwulandari@email.com,Cilacap,2026-06-23
T160,Nadia Saputra,33027918389206,08410323747,nadiasaputra@email.com,Kebumen,2026-06-20
T161,Siti Setiawan,33024243235606,08963196123,sitisetiawan@email.com,Banyumas,2026-06-20
T162,Hendra Utami,33025210090998,08664236958,hendrautami@email.com,Jakarta,2026-06-20
T163,Siti Utami,33029285100744,08470712314,sitiutami@email.com,Bandung,2026-06-20
T164,Rian Saputra,33026071107898,08910656312,riansaputra@email.com,Kebumen,2026-06-25
T165,Sari Wulandari,33027558099313,08722672774,sariwulandari@email.com,Semarang,2026-06-22
T166,Fahmi Saputra,33029312758912,08732429293,fahmisaputra@email.com,Yogyakarta,2026-06-24
T167,Aulia Prasetyo,33024799162268,08754149556,auliaprasetyo@email.com,Bandung,2026-06-21
T168,Budi Saputra,33029341576939,08547272040,budisaputra@email.com,Kebumen,2026-06-19
T169,Dedi Nugroho,33023668642180,08778885409,dedinugroho@email.com,Purwokerto,2026-06-25
T170,Sari Rahmawati,33021074593250,08189420476,sarirahmawati@email.com,Purbokerto,2026-06-25
T171,Maya Utami,33027435012610,08837467567,mayautami@email.com,Purwokerto,2026-06-24
T172,Hendra Rahmawati,33029785336563,08950323053,hendrarahmawati@email.com,Purwokerto,2026-06-20
T173,Sari Aminah,33028385917625,08693273921,sariaminah@email.com,Jakarta,2026-06-21
T174,Dedi Wulandari,33024236006558,08905010293,dediwulandari@email.com,Banyumas,2026-06-19
T175,Aulia Indah,33027802506457,08737953122,auliaindah@email.com,Jakarta,2026-06-21
T176,Rina Saputra,33029118332328,08977115770,rinasaputra@email.com,Semarang,2026-06-19
T177,Rina Santoso,33025818767442,08894579903,rinasantoso@email.com,Banyumas,2026-06-25
T178,Andi Kurniawan,33026535419009,08543321347,andikurniawan@email.com,Kebumen,2026-06-21
T179,Yudi Aminah,33028548270203,08573537062,yudiaminah@email.com,Banyumas,2026-06-25
T180,Eko Lestari,33027158175484,08288292940,ekolestari@email.com,Jakarta,2026-06-18
T181,Siti Kurniawan,33025918364321,08281581507,sitikurniawan@email.com,Purbokerto,2026-06-18
T182,Siti Lestari,33028634059542,08481698572,sitilestari@email.com,Surabaya,2026-06-22
T183,Aulia Wulandari,33026565559972,08182060129,auliawulandari@email.com,Semarang,2026-06-24
T184,Eko Hidayat,33023099936365,08834239913,ekohidayat@email.com,Surabaya,2026-06-21
T185,Fahmi Setiawan,33026910297819,08750368881,fahmisetiawan@email.com,Semarang,2026-06-19
T186,Sari Lestari,33028938834572,08554102189,sarilestari@email.com,Cilacap,2026-06-25
T187,Wulan Prasetyo,33027292734616,08824726349,wulanprasetyo@email.com,Yogyakarta,2026-06-22
T188,Budi Setiawan,33026305117230,08899789368,budisetiawan@email.com,Surabaya,2026-06-22
T189,Dedi Aminah,33025292841966,08727446159,dediaminah@email.com,Cilacap,2026-06-19
T190,Maya Indah,33025981842480,08299520770,mayaindah@email.com,Surabaya,2026-06-25
T191,Sari Rahmawati,33029401720426,08811648784,sarirahmawati@email.com,Kebumen,2026-06-20
T192,Taufik Wulandari,33024024991630,08190419297,taufikwulandari@email.com,Cilacap,2026-06-20
T193,Wulan Kurniawan,33027766213454,08241002913,wulankurniawan@email.com,Banyumas,2026-06-23
T194,Dewi Lestari,33024448337526,08136521760,dewilestari@email.com,Cilacap,2026-06-20
T195,Mega Rahmawati,33028877445546,08328334380,megarahmawati@email.com,Banyumas,2026-06-25
T196,Bambang Hidayat,33028639256763,08502885498,bambanghidayat@email.com,Semarang,2026-06-22
T197,Siti Aminah,33028458316531,08936850642,sitiaminah@email.com,Bandung,2026-06-25
T198,Maya Prasetyo,33028788694134,08989474204,mayaprasetyo@email.com,Bandung,2026-06-18
T199,Andi Wulandari,33026070362919,08548419515,andiwulandari@email.com,Kebumen,2026-06-25
T200,Yudi Aminah,33029575978085,08290476753,yudiaminah@email.com,Semarang,2026-06-24
T201,Putri Hidayat,33024009092783,08515773673,putrihidayat@email.com,Yogyakarta,2026-06-21
T202,Hendra Aminah,33024511239845,08986484834,hendraaminah@email.com,Banyumas,2026-06-20
T203,Mega Setiawan,33024003411549,08837889733,megasetiawan@email.com,Banyumas,2026-06-24
T204,Siti Wulandari,33022096182062,08233332149,sitiwulandari@email.com,Cilacap,2026-06-21
T205,Yudi Saputra,33029962029177,08945610028,yudisaputra@email.com,Yogyakarta,2026-06-25
T206,Siti Rahmawati,33024669505492,08759582736,sitirahmawati@email.com,Purbokerto,2026-06-20
T207,Taufik Rahmawati,33027117641800,08123170371,taufikrahmawati@email.com,Semarang,2026-06-21
T208,Mega Indah,33028777983966,08251367999,megaindah@email.com,Kebumen,2026-06-21
T209,Eko Setiawan,33023697878424,08629383575,ekosetiawan@email.com,Purwokerto,2026-06-19
T210,Eko Utami,33023609819915,08660830097,ekoutami@email.com,Surabaya,2026-06-21
T211,Siti Utami,33021331883035,08897933392,sitiutami@email.com,Jakarta,2026-06-24
T212,Mega Kurniawan,33027688595671,08258027198,megakurniawan@email.com,Bandung,2026-06-18
T213,Hendra Prasetyo,33024331582611,08726135250,hendraprasetyo@email.com,Surabaya,2026-06-21
T214,Bambang Kurniawan,33022753281141,08546561559,bambangkurniawan@email.com,Surabaya,2026-06-18
T215,Yudi Nugroho,33028415446407,08598590153,yudinugroho@email.com,Kebumen,2026-06-25
T216,Andi Indah,33025822011857,08307336849,andiindah@email.com,Purwokerto,2026-06-21
T217,Eko Rahmawati,33021492570777,08760209828,ekorahmawati@email.com,Bandung,2026-06-19
T218,Budi Fitriani,33025070339338,08706346576,budifitriani@email.com,Purbokerto,2026-06-22
T219,Putri Rahmawati,33026849011522,08682453330,putrirahmawati@email.com,Surabaya,2026-06-21
T220,Dedi Nugroho,33025394283895,08575075632,dedinugroho@email.com,Semarang,2026-06-23
T221,Fahmi Fitriani,33024815227202,08383061554,fahmifitriani@email.com,Purbokerto,2026-06-21
T222,Sari Indah,33024922105023,08361075950,sariindah@email.com,Purbokerto,2026-06-21
T223,Hendra Hidayat,33021646879515,08323209159,hendrahidayat@email.com,Purwokerto,2026-06-24
T224,Dewi Utami,33029818550653,08743492275,dewiutami@email.com,Purbokerto,2026-06-22
T225,Fahmi Kurniawan,33028103107490,08918709215,fahmikurniawan@email.com,Semarang,2026-06-24
T226,Putri Utami,33024478841516,08306521239,putriutami@email.com,Purwokerto,2026-06-20
T227,Eko Indah,33021599598452,08352401155,ekoindah@email.com,Purbokerto,2026-06-22
T228,Rina Saputra,33021473318475,08805103763,rinasaputra@email.com,Cilacap,2026-06-25
T229,Nadia Indah,33025233847120,08680959536,nadiaindah@email.com,Cilacap,2026-06-24
T230,Rina Aminah,33023144311286,08430258163,rinaaminah@email.com,Banyumas,2026-06-22
T231,Wulan Kurniawan,33023027022469,08291573069,wulankurniawan@email.com,Semarang,2026-06-19
T232,Eko Nugroho,33027231212075,08492361979,ekonugroho@email.com,Bandung,2026-06-19
T233,Rian Utami,33026173425616,08253773042,rianutami@email.com,Bandung,2026-06-20
T234,Yudi Saputra,33023877415604,08804228912,yudisaputra@email.com,Semarang,2026-06-23
T235,Aulia Hidayat,33027056980579,08715764266,auliahidayat@email.com,Bandung,2026-06-20
T236,Hendra Aminah,33021386628580,08186167786,hendraaminah@email.com,Bandung,2026-06-20
T237,Siti Aminah,33025722928402,08193458472,sitiaminah@email.com,Purwokerto,2026-06-18
T238,Rina Rahmawati,33028032739381,08366847995,rinarahmawati@email.com,Semarang,2026-06-19
T239,Dewi Santoso,33021148478964,08697016092,dewisantoso@email.com,Banyumas,2026-06-21
T240,Aulia Indah,33024600449514,08556779833,auliaindah@email.com,Cilacap,2026-06-18
T241,Maya Wulandari,33024215467371,08704688024,mayawulandari@email.com,Surabaya,2026-06-20
T242,Dewi Fitriani,33024930573220,08229461093,dewifitriani@email.com,Banyumas,2026-06-25
T243,Andi Santoso,33023491817175,08563730378,andisantoso@email.com,Jakarta,2026-06-25
T244,Budi Wulandari,33029525870691,08293331119,budiwulandari@email.com,Jakarta,2026-06-18
T245,Andi Kurniawan,33026490754653,08917513878,andikurniawan@email.com,Kebumen,2026-06-22
T246,Dewi Rahmawati,33029007319947,08940748383,dewirahmawati@email.com,Bandung,2026-06-21
T247,Dedi Hidayat,33022829010077,08498687621,dedihidayat@email.com,Kebumen,2026-06-22
T248,Wulan Hidayat,33029511728565,08541232646,wulanhidayat@email.com,Yogyakarta,2026-06-25
T249,Dedi Nugroho,33023575893390,08548630668,dedinugroho@email.com,Cilacap,2026-06-24
T250,Eko Rahmawati,33022222244961,08522514664,ekorahmawati@email.com,Purwokerto,2026-06-18
T251,Dedi Fitriani,33028261154104,08206111309,dedifitriani@email.com,Kebumen,2026-06-18
T252,Andi Prasetyo,33027741525245,08581237242,andiprasetyo@email.com,Jakarta,2026-06-21
T253,Aulia Utami,33021003609801,08915736398,auliautami@email.com,Kebumen,2026-06-22
T254,Mega Setiawan,33025428944468,08727192690,megasetiawan@email.com,Kebumen,2026-06-19
T255,Wulan Rahmawati,33025399422734,08847273472,wulanrahmawati@email.com,Yogyakarta,2026-06-21
T256,Mega Prasetyo,33028607367722,08139436182,megaprasetyo@email.com,Kebumen,2026-06-25
T257,Fahmi Prasetyo,33026265157110,08588492193,fahmiprasetyo@email.com,Yogyakarta,2026-06-20
T258,Fahmi Aminah,33024925551464,08936275337,fahmiaminah@email.com,Jakarta,2026-06-24
T259,Rina Indah,33022360304878,08485898212,rinaindah@email.com,Yogyakarta,2026-06-19
T260,Aulia Hidayat,33023832589271,08996964589,auliahidayat@email.com,Jakarta,2026-06-24
T261,Fahmi Rahmawati,33026246785784,08751219776,fahmirahmawati@email.com,Kebumen,2026-06-24
T262,Taufik Saputra,33025802442182,08547729927,taufiksaputra@email.com,Cilacap,2026-06-19
T263,Sari Hidayat,33022016590668,08389521676,sarihidayat@email.com,Purwokerto,2026-06-24
T264,Mega Santoso,33027715091798,08888681484,megasantoso@email.com,Cilacap,2026-06-24
T265,Fahmi Kurniawan,33025288215293,08249430806,fahmikurniawan@email.com,Purwokerto,2026-06-19
T266,Hendra Prasetyo,33023699852390,08654641339,hendraprasetyo@email.com,Jakarta,2026-06-23
T267,Fahmi Indah,33026849932804,08813940874,fahmiindah@email.com,Semarang,2026-06-20
T268,Siti Prasetyo,33024125061265,08498745271,sitiprasetyo@email.com,Bandung,2026-06-25
T269,Fahmi Santoso,33022895003748,08472853937,fahmisantoso@email.com,Purwokerto,2026-06-24
T270,Bambang Santoso,33024817474172,08700283584,bambangsantoso@email.com,Kebumen,2026-06-23
T271,Maya Wulandari,33025554552291,08603799413,mayawulandari@email.com,Yogyakarta,2026-06-23
T272,Andi Saputra,33025466267328,08562471854,andisaputra@email.com,Banyumas,2026-06-24
T273,Eko Fitriani,33028679535963,08774558350,ekofitriani@email.com,Surabaya,2026-06-20
T274,Putri Aminah,33026702717873,08331738892,putriaminah@email.com,Yogyakarta,2026-06-24
T275,Dedi Prasetyo,33021041031141,08965153117,dediprasetyo@email.com,Surabaya,2026-06-19
T276,Siti Nugroho,33024539734544,08711747717,sitinugroho@email.com,Yogyakarta,2026-06-18
T277,Rina Saputra,33022536264844,08513831091,rinasaputra@email.com,Jakarta,2026-06-25
T278,Nadia Lestari,33029390608533,08488492106,nadialestari@email.com,Banyumas,2026-06-20
T279,Budi Hidayat,33028605942197,08842776359,budihidayat@email.com,Purwokerto,2026-06-22
T280,Aulia Prasetyo,33027902166065,08750573228,auliaprasetyo@email.com,Semarang,2026-06-23
T281,Hendra Aminah,33027590617810,08859062592,hendraaminah@email.com,Banyumas,2026-06-23
T282,Rina Setiawan,33023131335967,08822559594,rinasetiawan@email.com,Purbokerto,2026-06-24
T283,Dewi Rahmawati,33027450379376,08557113457,dewirahmawati@email.com,Surabaya,2026-06-24
T284,Taufik Aminah,33022670015642,08771500545,taufikaminah@email.com,Surabaya,2026-06-18
T285,Aulia Saputra,33029296078067,08137465899,auliasaputra@email.com,Kebumen,2026-06-23
T286,Taufik Kurniawan,33023218290861,08507654928,taufikkurniawan@email.com,Cilacap,2026-06-23
T287,Fahmi Lestari,33021120362158,08145414702,fahmilestari@email.com,Purwokerto,2026-06-22
T288,Rian Hidayat,33025453039804,08277040336,rianhidayat@email.com,Jakarta,2026-06-23
T289,Andi Kurniawan,33022323203082,08407208812,andikurniawan@email.com,Yogyakarta,2026-06-25
T290,Dewi Fitriani,33028294662138,08613404909,dewifitriani@email.com,Kebumen,2026-06-18
T291,Rian Wulandari,33027180241314,08845157809,rianwulandari@email.com,Cilacap,2026-06-18
T292,Budi Aminah,33023130830310,08324147969,budiaminah@email.com,Purbokerto,2026-06-24
T293,Bambang Fitriani,33029421744243,08731768011,bambangfitriani@email.com,Jakarta,2026-06-21
T294,Yudi Rahmawati,33023885998621,08841231582,yudirahmawati@email.com,Purwokerto,2026-06-19
T295,Nadia Rahmawati,33029441479833,08946921452,nadiarahmawati@email.com,Banyumas,2026-06-22
T296,Nadia Lestari,33021352840452,08801243230,nadialestari@email.com,Banyumas,2026-06-19
T297,Dedi Rahmawati,33028210776345,08673958415,dedirahmawati@email.com,Surabaya,2026-06-22
T298,Andi Santoso,33027391763732,08133473000,andisantoso@email.com,Yogyakarta,2026-06-18
T299,Maya Fitriani,33025436638333,08880206544,mayafitriani@email.com,Purbokerto,2026-06-24
T300,Eko Hidayat,33025232324733,08872351982,ekohidayat@email.com,Cilacap,2026-06-24
T301,Eko Utami,33022992123539,08462258472,ekoutami@email.com,Jakarta,2026-06-23